排名,排名变化,游戏名称,发行公司,昨日新增下载量,icon,类别,appid,公司名称,公司链接
1,1,Popular Wars,,-,https://android-artworks.25pp.com/fs08/2018/12/05/11/109_c533c93604551874169df1a23062fa3e_con_130x130.png,游戏,6829199,-,无
2,新进榜,Wind Rider!,,-,https://gcontent-cdn.aso100.com/pic/view_gcontent/type/icon/source/aHR0cHM6Ly9saDMuZ29vZ2xldXNlcmNvbnRlbnQuY29tL2hWVlNVWW5LbG5GSU1DZmJxdk5PbEMzeW16RkRDN1dfZTU5azRUZVdSa2FvaXU4UC1UNzNwVGc5b1UxeW1LYWNfTExjPXMxODA=,游戏,6833614,-,无
3,新进榜,Cosmic Showdown,海沙工作室,-,https://static-cdn.aso100.com/pic/view/type/android/source/aHR0cDovL3BwLm15YXBwLmNvbS9tYV9pY29uLzAvaWNvbl81MjczMzI5MF8xNTM0NjczMTE3LzI1Ng==,游戏,6164799,-,无
4,0,Slope Run,,-,https://android-artworks.25pp.com/fs08/2018/12/04/7/109_c870e8f018c476abc9c1a66205251fdc_con_130x130.png,游戏,6783551,-,无
5,新进榜,命\之子,,-,https://gcontent-cdn.aso100.com/pic/view_gcontent/type/icon/source/aHR0cHM6Ly9saDMuZ29vZ2xldXNlcmNvbnRlbnQuY29tL1hwZWlfV1JmYTVlbWlIaUdEMDdWanNOWHFPRUE4WGVJejNDbHRwSEJiaGl6YWVSQWI5LWlMWk9YQmhvekY4UHdGcjg9czE4MA==,游戏,6836335,-,无
6,新进榜,Pocket Build,海沙工作室,-,https://static-cdn.aso100.com/pic/view/type/android/source/aHR0cDovL2NkbjAwLmJhaWR1LWltZy5jbi90aW1nP3ZzYXBwJnNpemU9YjE1MF8xNTAmaW1ndHlwZT0zJnF1YWxpdHk9MTAwJmVyJnNlYz0wJmRpPTExNzgzNDBjNzNjZmQ3OGEyOTZkN2Y2M2Y3ZGU5MTY2JnJlZj1odHRwJTNBJTJGJTJGZy5oaXBob3Rvcy5iZGltZy5jb20mc3JjPWh0dHAlM0ElMkYlMkZnLmhpcGhvdG9zLmJkaW1nLmNvbSUyRndpc2VnYW1lJTJGd2glMjUzRDUxMiUyNTJDNTEyJTJGc2lnbiUzRDM4OWExYTFkYjIwMTRhOTA4MTZiNGViODk4NDUxNTI3JTJGYzgzZDcwY2YzYmM3OWYzZGRlNTE0MTlmYjFhMWNkMTE3MzhiMjllOC5qcGc=,游戏,5253152,-,无
7,新进榜,可可冰雪女王,翼嘉游戏,-,https://static-cdn.aso100.com/pic/view/type/android/source/aHR0cDovL2NkbjAwLmJhaWR1LWltZy5jbi90aW1nP3ZzYXBwJnNpemU9YjE1MF8xNTAmaW1ndHlwZT0zJnF1YWxpdHk9MTAwJmVyJnNlYz0wJmRpPTJlYWFmMmVjY2QxYzNlM2E5NjM4YTEwZGY0M2I0YTQzJnJlZj1odHRwJTNBJTJGJTJGZy5oaXBob3Rvcy5iZGltZy5jb20mc3JjPWh0dHAlM0ElMkYlMkZnLmhpcGhvdG9zLmJkaW1nLmNvbSUyRndpc2VnYW1lJTJGcGljJTJGaXRlbSUyRjRiMzQzNDliMDMzYjViYjUwZjIzMzA1YzNmZDNkNTM5YjcwMGJjOTguanBn,游戏,65168,江苏观览四海仪器科技有限公司,https://www.qimai.cn/company/product/id/31101
8,34,Rolling Balls,,-,https://gcontent-cdn.aso100.com/pic/view_gcontent/type/icon/source/aHR0cHM6Ly9saDMuZ29vZ2xldXNlcmNvbnRlbnQuY29tL2RwZ0VRUERMcGJRcThUTXNoTzVBbmFYdXM4V0t5WE5FdmtKWlhkckIxT0tpZVJJSm9CWU5PYnVnWEV2UEZValZFNGlpPXMxODA=,游戏,6480857,-,无
9,新进榜,Endless Odyssey,,-,https://gcontent-cdn.aso100.com/pic/view_gcontent/type/icon/source/aHR0cHM6Ly9saDMuZ29vZ2xldXNlcmNvbnRlbnQuY29tL0xIZGhMSFNzQ016SnozSzkxN2YwbGVhMXEtMnp6aHlNY0dkS2xPU1dKbFhmMWJBVzlKNnh6WWI5dWtXMUNpTHJYaTA9czE4MA==,游戏,6833615,-,无
10,新进榜,僵尸尖叫,北京伟恩无限信息技术有限公司,-,https://static-cdn.aso100.com/pic/view/type/android/source/aHR0cDovL3BwLm15YXBwLmNvbS9tYV9pY29uLzAvaWNvbl8xMDE5MDE3M18xNTIzMzQ4OTQ3LzI1Ng==,游戏,64247,掌游天下（北京）信息技术股份有限公司,https://www.qimai.cn/company/product/id/30702
11,新进榜,Politician War,,-,https://gcontent-cdn.aso100.com/pic/view_gcontent/type/icon/source/aHR0cHM6Ly9saDMuZ29vZ2xldXNlcmNvbnRlbnQuY29tL1hBSnVhVXhMd0FycWZiSWJQLWpVbDY3NDNrUFQ5eXhFQ21jM2QxYVAybUl2NmdDZjBKME5oR3lzWWFEd0xrblo0bUE9czE4MA==,游戏,6825502,-,无
12,新进榜,部落冲突:皇室战争(Clash Royale),Supercell,-,https://gcontent-cdn.aso100.com/pic/view_gcontent/type/icon/source/aHR0cHM6Ly9saDMuZ29vZ2xldXNlcmNvbnRlbnQuY29tL0stTU5qRGlPMld3Uk53SnFQWnU4V2Q1ZU9tRkVqTFlrRUVnalpsdjM1aFRpdWFfVnlsUlBiMDRMaWczWVpYTEVSdkk9czE4MA==,游戏,2162775,-,无
13,-6,Baby Nursery,TabTale,-,https://static-cdn.aso100.com/pic/view/type/android/source/aHR0cDovL3BwLm15YXBwLmNvbS9tYV9pY29uLzAvaWNvbl81MjU1NzY2NF8xNTA3ODk5ODYzLzI1Ng==,游戏,2124536,-,无
14,新进榜,Solitaire,Solitaire Fun,-,https://static-cdn.aso100.com/pic/view/type/android/source/aHR0cDovL3BwLm15YXBwLmNvbS9tYV9pY29uLzAvaWNvbl81MjU5NDY5Ml8xNTEyNjQ5NDc2LzI1Ng==,游戏,5166908,-,无
15,-3,踢足球Soccer Kick,,-,https://android-artworks.25pp.com/fs08/2018/10/20/1/109_034a12893cd5574a46be2ae03d2b279d_con_130x130.png,游戏,6586595,-,无
16,294,泡沫射手,woogoo,-,https://static-cdn.aso100.com/pic/view/type/android/source/aHR0cDovL3BwLm15YXBwLmNvbS9tYV9pY29uLzAvaWNvbl81MjU5NDY4Nl8xNTEyNjQ5NDc5LzI1Ng==,游戏,5199789,-,无
17,新进榜,Piano Dream,Tap Lab,-,https://static-cdn.aso100.com/pic/view/type/android/source/aHR0cDovL3BwLm15YXBwLmNvbS9tYV9pY29uLzAvaWNvbl81MjYxMjIyNF8xNTQwNTQ2NTY3LzI1Ng==,游戏,5192890,-,无
18,-12,Plane Hit!,FootMan,-,https://android-artworks.25pp.com/fs08/2018/11/29/7/109_ed32b986dec85a9c9bf3ca74075967ea_con_130x130.png,游戏,5483116,-,无
19,406,Free Fire,111dots Studio,-,https://static-cdn.aso100.com/pic/view/type/android/source/aHR0cDovL3BwLm15YXBwLmNvbS9tYV9pY29uLzAvaWNvbl81MjU5Mzg0MV8xNTE2MDU3MTcwLzI1Ng==,游戏,5284652,-,无
20,新进榜,热狗的英雄,海沙工作室,-,https://static-cdn.aso100.com/pic/view/type/android/source/aHR0cDovL2YuaGlwaG90b3MuYmRpbWcuY29tL3dpc2VnYW1lL3BpYy9pdGVtLzk4ZjJiMjExOTMxM2IwN2U1N2M4MDBiNzBlZDc5MTIzOTdkZDhjMWMuanBn,游戏,405200,-,无
21,新进榜,?Dunk!Dunk Ball,,-,https://android-artworks.25pp.com/fs08/2018/11/15/6/109_3dbec36be75a89ffcda9f14779da55ca_con_130x130.png,游戏,6584356,-,无
22,-17,Words Story - Addictive Word Game,,-,https://android-artworks.25pp.com/fs08/2018/12/05/3/109_46fa7d1e25b010e943b709cadb50df80_con_130x130.png,游戏,6677245,-,无
23,1,银河之战深空射手2,来自互联网,-,https://static-cdn.aso100.com/pic/view/type/android/source/aHR0cDovL3AzLnFoaW1nLmNvbS90MDFkNWFiZjNmZDY1ZWJjNmE3LndlYnA=,游戏,3361970,-,无
24,73,Race.io,,-,https://android-artworks.25pp.com/fs08/2018/12/06/6/109_c64779c911a0e2ea6de784fd348a1925_con_130x130.png,游戏,6103965,-,无
25,新进榜,Holy Hunter,,-,https://gcontent-cdn.aso100.com/pic/view_gcontent/type/icon/source/aHR0cHM6Ly9saDMuZ29vZ2xldXNlcmNvbnRlbnQuY29tL0hNX20zUEVIckpnWVoxRHI3clV3SG04cTBudE1yNUd5bFdFbU9vMTBrY2UxeWtrSWJpSHhlR0xEaVVSZUF2OE5jMlk9czE4MA==,游戏,6831308,-,无
26,156,射爆球球大作战,深圳杉夏科技有限公司,-,https://android-artworks.25pp.com/fs08/2018/10/20/11/109_376af9b55252e8215048d1d185c6e085_con_130x130.png,游戏,6603952,-,无
27,新进榜,Hot Hands!,Warner Bros. International Enterprises,-,https://static-cdn.aso100.com/pic/view/type/android/source/aHR0cDovL3BwLm15YXBwLmNvbS9tYV9pY29uLzAvaWNvbl81MjU4Nzg4OF8xNTEyNjIzNzQ3LzI1Ng==,游戏,3188321,-,无
28,254,POP! Slots C 老虎机免费赌场,PlayStudios,-,https://gcontent-cdn.aso100.com/pic/view_gcontent/type/icon/source/aHR0cHM6Ly9saDMuZ29vZ2xldXNlcmNvbnRlbnQuY29tL3BEeHlJQlZxeXVBLXFicGtsWC05c3ZtTlVWZUVwRmdkYUNOWThUT0NUeFBKbmlraXhVelRmOENWc0cxdVo0ZFJsUEI3PXMxODA=,游戏,2184578,-,无
29,新进榜,Crash Reward - Win Prizes,,-,https://android-artworks.25pp.com/fs08/2018/08/09/0/109_e17ec4b8d0de55a0cb9738a49b32f644_con_130x130.png,游戏,6285245,-,无
30,-29,Command & Conquer: Rivals,,-,,游戏,6541457,-,无
31,新进榜,The Big Capitalist 3,,-,https://android-artworks.25pp.com/fs08/2018/08/18/8/109_e8a9a623269258ffcba11f200d0839e1_con_130x130.png,游戏,6408010,-,无
32,80,Operate Now: Hospital,互联网,-,https://static-cdn.aso100.com/pic/view/type/android/source/aHR0cDovL3BwLm15YXBwLmNvbS9tYV9pY29uLzAvaWNvbl81MjU1Mzg4OF8xNTEyNjI1MTQxLzI1Ng==,游戏,3064967,-,无
33,460,New Year Farm,互联网,-,https://static-cdn.aso100.com/pic/view/type/android/source/aHR0cDovL3BwLm15YXBwLmNvbS9tYV9pY29uLzAvaWNvbl81MjU1ODk2OF8xNTA3OTEzMTIzLzI1Ng==,游戏,2592277,-,无
34,81,Joyride: play live trivia shows with friends,海沙工作室,-,https://static-cdn.aso100.com/pic/view/type/android/source/aHR0cDovL2FuZHJvaWQtYXJ0d29ya3MuMjVwcC5jb20vZnMwOC8yMDE4LzA1LzIxLzIvMTA5XzcyNjAxMDQxOTQ5NDI0MjYwNjMzNjhmZGY2YmQ1ODZiX2Nvbl8xMzB4MTMwLnBuZw==,游戏,5991146,-,无
35,新进榜,新YAHTZEE? With Buddies,Scopely,-,https://static-cdn.aso100.com/pic/view/type/android/source/aHR0cDovL3BwLm15YXBwLmNvbS9tYV9pY29uLzAvaWNvbl81MjU5NDMxOF8xNTE0NTE4NDkxLzI1Ng==,游戏,5022043,-,无
36,10,Christmas Solitaire: Santa&#39;s Winter Wonderland,,-,https://static-cdn.aso100.com/pic/view/type/android/source/aHR0cDovL2FuZHJvaWQtYXJ0d29ya3MuMjVwcC5jb20vZnMwOC8yMDE4LzAzLzI4LzEvMTA5Xzc0OTA2ZGY1MmIyZjc4YzdkMTc0YWU3OTI5NzRiZDBmX2Nvbl8xMzB4MTMwLnBuZw==,游戏,5345371,-,无
37,新进榜,Hit 7 Casino : Vegas Slots,,-,https://android-artworks.25pp.com/fs08/2018/11/04/7/109_758574b60cf5f87d4f02a1db198df86c_con_130x130.png,游戏,6717789,-,无
38,新进榜,InstLife,,-,https://static-cdn.aso100.com/pic/view/type/android/source/aHR0cDovL2FuZHJvaWQtYXJ0d29ya3MuMjVwcC5jb20vZnMwOC8yMDE4LzA1LzMwLzcvMTA5XzcwNzMzN2YxOGRlNWUyZGE1NDQyMmRkNGY4NmE0MDc2X2Nvbl8xMzB4MTMwLnBuZw==,游戏,4877676,-,无
39,487,Wynn Slots,"Wynn Social Gaming, LLC",-,https://static-cdn.aso100.com/pic/view/type/android/source/aHR0cDovL2FuZHJvaWQtYXJ0d29ya3MuMjVwcC5jb20vZnMwOC8yMDE4LzA3LzA1LzQvMTA5Xzk1NzY2N2FhNDkyZGU3YzE5YjE4YzlmOTBjZjliZTFkX2Nvbl8xMzB4MTMwLnBuZw==,游戏,5446485,-,无
40,新进榜,"Hunter's Trail",,-,https://gcontent-cdn.aso100.com/pic/view_gcontent/type/icon/source/aHR0cHM6Ly9saDMuZ29vZ2xldXNlcmNvbnRlbnQuY29tL25CWnppcm9oUUpMbk1GdEU2dFQ2blI2emtROFIxdmZsZ2MzUHRONFBQNG1RTTJ0UnVrVUVvTGlWclFxdzNRQ1h2Wk09czE4MA==,游戏,6833617,-,无
41,465,Woody Puzzle,海沙工作室,-,https://static-cdn.aso100.com/pic/view/type/android/source/aHR0cDovL2FuZHJvaWQtYXJ0d29ya3MuMjVwcC5jb20vZnMwOC8yMDE4LzA1LzIxLzUvMTA5XzU1MTViNGNhZWY4NTM1ZWExNzhlODY2YmQyN2Q1NzNlX2Nvbl8xMzB4MTMwLnBuZw==,游戏,4241477,-,无
42,-31,Find The Differences - Halloween Case,,-,https://android-artworks.25pp.com/fs08/2018/11/21/8/109_a0e13388e8268c7fa7f1fe99da4572a9_con_130x130.png,游戏,6674215,-,无
43,新进榜,星球大战：银河英雄,EA,-,https://static-cdn.aso100.com/pic/view/type/android/source/aHR0cDovL3BwLm15YXBwLmNvbS9tYV9pY29uLzAvaWNvbl8xMjE2NTQ2OF8xNTA2MjU1MjMyLzI1Ng==,游戏,66025,-,无
44,92,Pixel Art - Number Coloring games,,-,https://android-artworks.25pp.com/fs08/2018/11/23/9/109_a92a109259e49ac54c98d3df6854a630_con_130x130.png,游戏,6564371,-,无
45,-27,城市战士与街头帮派,海沙工作室,-,https://android-artworks.25pp.com/fs08/2018/12/04/0/109_8cf38f3d186b4347b526ffb1f1387b1d_con_130x130.png,游戏,6140111,-,无
46,54,Trivia Crack,Etermax,-,https://static-cdn.aso100.com/pic/view/type/android/source/aHR0cDovL3BwLm15YXBwLmNvbS9tYV9pY29uLzAvaWNvbl8xMDI3NTk0NV8xNDc5ODMyNjMyLzI1Ng==,游戏,496260,-,无
47,新进榜,神奇的珠宝工坊,,-,https://android-artworks.25pp.com/fs08/2018/11/25/0/109_e4d3603c93e466413e23ec8aa0228e76_con_130x130.png,游戏,6702109,-,无
48,新进榜,Air Shooter 3D,Tap - Free Games,-,https://static-cdn.aso100.com/pic/view/type/android/source/aHR0cDovL3BwLm15YXBwLmNvbS9tYV9pY29uLzAvaWNvbl81MjU1NzE0Nl8xNTA3ODkzMDI4LzI1Ng==,游戏,2368818,-,无
49,31,悠来荡去,"Geisha Tokyo, Inc.",-,https://static-cdn.aso100.com/pic/view/type/android/source/aHR0cDovL3AzLnFoaW1nLmNvbS90MDFjZWMyMmMwYzM1NzRjMDY4LndlYnA=,游戏,6717238,-,无
50,新进榜,Line Physics: Draw Lines to Solve Puzzles,,-,https://android-artworks.25pp.com/fs08/2018/08/22/4/109_0d0e4771e5947bd3e9e83295ac02edde_con_130x130.png,游戏,6410001,-,无
51,新进榜,天天过马路,来自互联网,-,https://static-cdn.aso100.com/pic/view/type/android/source/aHR0cDovL3AzLnFoaW1nLmNvbS90MDFmZWNiZDkwZTVlNzZiZmIzLndlYnA=,游戏,337738,-,无
52,新进榜,Crashy Cops!,,-,,游戏,6746480,-,无
53,新进榜,空当接龙 － 纸牌接龙游戏,"Lemon Game, Inc",-,https://static-cdn.aso100.com/pic/view/type/android/source/aHR0cDovL3BwLm15YXBwLmNvbS9tYV9pY29uLzAvaWNvbl80MjM1MDE3OF8xNDczNzkxOTk5LzI1Ng==,游戏,1935674,-,无
54,新进榜,僵尸vs人类,,-,,游戏,6700900,-,无
55,-52,重力躲避球,,-,https://android-artworks.25pp.com/fs08/2018/10/31/5/109_940f1bf723385d64ed5b124f6b9cfe44_con_130x130.png,游戏,6642107,-,无
56,新进榜,Blocks Stacked - Tower fun,,-,,游戏,6264751,-,无
57,117,自我剑：剑闲置唱首歌,Betdon,-,https://gcontent-cdn.aso100.com/pic/view_gcontent/type/icon/source/aHR0cHM6Ly9saDMuZ29vZ2xldXNlcmNvbnRlbnQuY29tL3RBMHBvTkNKMHExQXdKYnhWazRHTVE0cWdLVGVfdzBpTDFNeUV6eFpiX19iWGR5MWhmT3RuMUVOS0tQZERIeUs1N2c9czE4MA==,游戏,5733113,-,无
58,新进榜,Tycoon Casino: Free Vegas Jackpot Slots,,-,https://gcontent-cdn.aso100.com/pic/view_gcontent/type/icon/source/aHR0cHM6Ly9saDMuZ29vZ2xldXNlcmNvbnRlbnQuY29tL2hjQm56Vzc2anNoakp5VjVEUjg5ZW5CVHVRNnNuTTA1MVNoeDFOMTlRbjJtZFhaZTFOczFEU3VWSHpEcDF3UnBpRzA9czE4MA==,游戏,6675888,-,无
59,-10,Lucky Day - Win Real Money,"Lucky Day Entertainment, Inc.",-,https://gcontent-cdn.aso100.com/pic/view_gcontent/type/icon/source/aHR0cHM6Ly9saDMuZ29vZ2xldXNlcmNvbnRlbnQuY29tL0hMTUkzMWNCcUs0YzBLcURSZ2ZvSHRPeGkwRzd3MFlHUWZKdjFZSWV2eWZWZzRzVGx1TGs1UTFzaFlmNFRZbzRGc0U9dzMwMA==,游戏,1766985,-,无
60,新进榜,My Story: Choose Your Own Path,Nanobit Games,-,https://static-cdn.aso100.com/pic/view/type/android/source/aHR0cDovL3BwLm15YXBwLmNvbS9tYV9pY29uLzAvaWNvbl81MjU4ODAzNl8xNTEyNjI0MDc0LzI1Ng==,游戏,3389261,-,无
61,37,Trigon! Free 1010 Puzzle Game,海沙工作室,-,https://static-cdn.aso100.com/pic/view/type/android/source/aHR0cDovL2FuZHJvaWQtYXJ0d29ya3MuMjVwcC5jb20vZnMwOC8yMDE4LzA2LzA1LzgvMTA5X2JiNDI3YzAxNTA0YTY5OTM0NWZhMmY4OWNiMTM0NGY0X2Nvbl8xMzB4MTMwLnBuZw==,游戏,5932006,-,无
62,353,先发制人,Blindflug Studios AG,-,https://android-artworks.25pp.com/fs08/2018/09/25/7/109_be97cc42c1d74fced5967268f08e4fe4_con_130x130.png,游戏,5399281,-,无
63,新进榜,Final Fantasy XV: A New Empire,互联网,-,https://static-cdn.aso100.com/pic/view/type/android/source/aHR0cDovL3BwLm15YXBwLmNvbS9tYV9pY29uLzAvaWNvbl81MjU0MjA4OF8xNTM5NDAzNTgyLzI1Ng==,游戏,3433825,-,无
64,10,Clawee - A real claw machine,,-,https://android-artworks.25pp.com/fs08/2018/10/21/1/109_15de1c2192d3ba6c6052910d30471051_con_130x130.png,游戏,6557189,-,无
65,170,K丹的[,,-,,游戏,6466974,-,无
66,102,Tides of War,互联网,-,https://static-cdn.aso100.com/pic/view/type/android/source/aHR0cDovL3BwLm15YXBwLmNvbS9tYV9pY29uLzAvaWNvbl81MjU1MjUzNF8xNTEyNjIzMjczLzI1Ng==,游戏,3548822,-,无
67,14,Planet Commander,GDCompany,-,https://static-cdn.aso100.com/pic/view/type/android/source/aHR0cDovL3BwLm15YXBwLmNvbS9tYV9pY29uLzAvaWNvbl81MjU0NDE1M18xNTMyOTk1MTU4LzI1Ng==,游戏,3412764,-,无
68,新进榜,Word Connect : Word Cookies,TDP APPS,-,https://static-cdn.aso100.com/pic/view/type/android/source/aHR0cDovL3BwLm15YXBwLmNvbS9tYV9pY29uLzAvaWNvbl81MjU5MjUxNV8xNTEyNjQ0MDIzLzI1Ng==,游戏,4689073,-,无
69,381,Popular Wars Free - supreme leader,,-,https://gcontent-cdn.aso100.com/pic/view_gcontent/type/icon/source/aHR0cHM6Ly9saDMuZ29vZ2xldXNlcmNvbnRlbnQuY29tL0FlRlp4T1ZkamNCbEt1TXdsSnNKeTM1S0ZBSHRKYTdlemEzbTFTN1FNYVdYV2I2enRDbHVHLW05NGllZHNhdk5HQm89czE4MA==,游戏,6825524,-,无
70,新进榜,Roller Coaster Simulator 2016,海沙工作室,-,https://android-artworks.25pp.com/fs08/2017/03/17/3/109_257b83666e042d72be020fce70618838_con_130x130.png,游戏,2191486,-,无
71,新进榜,Chairlift Simulator 2017,Tap - Free Games,-,https://static-cdn.aso100.com/pic/view/type/android/source/aHR0cDovL3BwLm15YXBwLmNvbS9tYV9pY29uLzAvaWNvbl81MjU5MzU0OF8xNTEyNjQ1ODg4LzI1Ng==,游戏,4929399,-,无
72,新进榜,Junkyard Tycoon - Business Game,,-,https://android-artworks.25pp.com/fs08/2018/12/04/11/109_aea4c08b49bc875c3f103993909eb446_con_130x130.png,游戏,6607239,-,无
73,新进榜,Block Lite Craft 3D,,-,https://android-artworks.25pp.com/fs08/2018/11/13/8/109_9e3eb6d8773c6282a702cc5b7d85b524_con_130x130.png,游戏,6766877,-,无
74,新进榜,Words Crush: Hidden Themes!,BitMango,-,https://static-cdn.aso100.com/pic/view/type/android/source/aHR0cDovL3BwLm15YXBwLmNvbS9tYV9pY29uLzAvaWNvbl80MjM2MjAxM18xNTEyNTUwNzkyLzI1Ng==,游戏,1934085,-,无
75,-53,US Police Car Transport: Cruise Ship Simulator,,-,https://static-cdn.aso100.com/pic/view/type/android/source/aHR0cDovL2FuZHJvaWQtYXJ0d29ya3MuMjVwcC5jb20vZnMwOC8yMDE4LzA1LzEwLzUvMTA5X2NkZTU3NmRiZDgwYmE3YWViYjJmYzEzZjhlZDQ3OGI5X2Nvbl8xMzB4MTMwLnBuZw==,游戏,6068641,-,无
76,114,Underworld : The Shelter,,-,https://android-artworks.25pp.com/fs08/2018/11/22/10/109_75b225adb8d045703346352f5dc0eb0e_con_130x130.png,游戏,6776069,-,无
77,新进榜,乱斗群星,,-,https://android-artworks.25pp.com/fs08/2018/10/31/0/109_9885184a9a510823c2ee438345b45c07_con_130x130.png,游戏,6653252,-,无
78,-21,汽车 坠毁 拆除 德比 模拟器 2018,,-,,游戏,6705225,-,无
79,42,台球游戏,掌盟工作室,-,https://static-cdn.aso100.com/pic/view/type/android/source/aHR0cDovL3BwLm15YXBwLmNvbS9tYV9pY29uLzAvaWNvbl8xMDExMjFfMjEzNjEyODZfMTQzNTc0ODMyMy85Ng==,游戏,343930,-,无
80,新进榜,Jet Set Go Rewards: Win Cash & Gift Cards,"Trpz.com, Inc.",-,https://gcontent-cdn.aso100.com/pic/view_gcontent/type/icon/source/aHR0cHM6Ly9saDMuZ29vZ2xldXNlcmNvbnRlbnQuY29tL1prNmN2ZDlfQ3FqaUVqUDNaWXNLbl9tUWFRaW02bmJHTU5tMjJpTkJoa3gyUXNjWllVOThxVTdleDJHZ05DYzhjeTQ9czE4MA==,游戏,2196407,-,无
81,-43,Link It Rich! Hot Vegas Casino Slots FREE,,-,https://gcontent-cdn.aso100.com/pic/view_gcontent/type/icon/source/aHR0cHM6Ly9saDMuZ29vZ2xldXNlcmNvbnRlbnQuY29tL1lmMEJsZnMyQVlHNUJLa2ItcmQtOHlBUGlTbVFQTFdwV21MMFlRRGtzRnBBemhnRXgyaE1KR29TcFBEQU1xbHBXQkNzPXMxODA=,游戏,6818154,-,无
82,34,Merge Plane,Merger Games,-,https://static-cdn.aso100.com/pic/view/type/android/source/aHR0cDovL3AzLnFoaW1nLmNvbS90MDExYjc5NzQzMjIxMzgzMTE4LndlYnA=,游戏,5997240,-,无
83,新进榜,Cookie Jelly Match,,-,https://android-artworks.25pp.com/fs08/2018/10/16/0/109_e4556d7f402e5fd2b4cd7722b393853f_con_130x130.png,游戏,6674425,-,无
84,-57,Golf Orbit,,-,https://android-artworks.25pp.com/fs08/2018/11/30/3/109_cc86c8a70ad0f5c6baa36ec93b3e4998_con_130x130.png,游戏,6607410,-,无
85,121,Trivia Crack 2,,-,https://android-artworks.25pp.com/fs08/2018/11/11/8/109_70af13860b27adee2ca8f8b6b18951d3_con_130x130.png,游戏,6600659,-,无
86,新进榜,大脑拼图,来自互联网,-,https://static-cdn.aso100.com/pic/view/type/android/source/aHR0cDovL3AzLnFoaW1nLmNvbS90MDFjOTFhYjVhYTI0NjE4NThjLndlYnA=,游戏,6580442,-,无
87,21,Ocean Nomad: Survival,,-,https://android-artworks.25pp.com/fs08/2018/08/21/7/109_d9b4689909b139f7b237ce1704409ce7_con_130x130.png,游戏,6470625,-,无
88,新进榜,Dinosaur Simulator Games 2017,Tap - Free Games,-,https://static-cdn.aso100.com/pic/view/type/android/source/aHR0cDovL3AzLnFoaW1nLmNvbS90MDExNWYzMDdiMmQ1YWMwZDk1LndlYnA=,游戏,4227207,-,无
89,141,度假酒店,,-,https://android-artworks.25pp.com/fs08/2018/12/04/2/109_5d04a13bf42621c8ea3f3f225b45ce69_con_130x130.png,游戏,6739468,-,无
90,175,Crayola Create and Play,,-,https://gcontent-cdn.aso100.com/pic/view_gcontent/type/icon/source/aHR0cHM6Ly9saDMuZ29vZ2xldXNlcmNvbnRlbnQuY29tL1F2bzdKMG1MU0lxUTRTYV9MTXBFUWpNRjJoNW9tWlJUblFJQmVmRFlTMkM5ZUVNZWZqeExCQk5XOFV1bEVER1ZUbTA9czE4MA==,游戏,6769263,-,无
91,1,汽车 开车 学校 2019 ： 真实 停车处 模拟器,,-,,游戏,6762086,-,无
92,新进榜,Open World Driver - Taxi Simulator 3D Free Racing,,-,https://android-artworks.25pp.com/fs08/2018/12/05/0/109_c24cc1039a77455aae052a738265282e_con_130x130.png,游戏,6722456,-,无
93,新进榜,Word Guru Puzzle,,-,https://android-artworks.25pp.com/fs08/2018/11/24/7/109_70bba5d1c76730ba883ee7a670875f23_con_130x130.png,游戏,6744842,-,无
94,-49,New Jewel Blast Match 3 Game,海沙工作室,-,https://android-artworks.25pp.com/fs08/2018/08/20/8/109_f92dc0a15d6b3acb37fbae2792bd1c42_con_130x130.png,游戏,5675551,-,无
95,新进榜,verydice,SquareTwo Inc,-,https://static-cdn.aso100.com/pic/view/type/android/source/aHR0cDovL3BwLm15YXBwLmNvbS9tYV9pY29uLzAvaWNvbl81MjU4NDUwNl8xNTEyNTc4MTQxLzI1Ng==,游戏,2194760,-,无
96,13,Perk Scratch & Win!,来自谷歌市场,-,https://static-cdn.aso100.com/pic/view/type/android/source/aHR0cDovL3BwLm15YXBwLmNvbS9tYV9pY29uLzAvaWNvbl8xMTk5NDY3Nl8yMDk5NzUyOF8xNDMwMzAxMjAyLzI1Ng==,游戏,1360967,-,无
97,新进榜,Bingo Blitz,海沙工作室,-,https://static-cdn.aso100.com/pic/view/type/android/source/aHR0cDovL2NkbjAwLmJhaWR1LWltZy5jbi90aW1nP3ZzYXBwJnNpemU9YjE1MF8xNTAmaW1ndHlwZT0zJnF1YWxpdHk9MTAwJmVyJnNlYz0wJmRpPTM5Y2UxZWZkMTlkZWMxZGUxZGE1NzZmYWZhM2VjYjhmJnJlZj1odHRwJTNBJTJGJTJGZC5oaXBob3Rvcy5iZGltZy5jb20mc3JjPWh0dHAlM0ElMkYlMkZkLmhpcGhvdG9zLmJkaW1nLmNvbSUyRndpc2VnYW1lJTJGcGljJTJGaXRlbSUyRjdhZDhiYzNlYjEzNTMzZmFkOTk2NGQ3N2FmZDNmZDFmNDEzNDViNDMuanBn,游戏,560146,-,无
98,-29,Deal Or No Deal,iWin,-,https://static-cdn.aso100.com/pic/view/type/android/source/aHR0cDovL3BwLm15YXBwLmNvbS9tYV9pY29uLzAvaWNvbl8xMDY0NjM3OV8xNDUzNjA5ODk3LzI1Ng==,游戏,501323,-,无
99,新进榜,[PROJECT:OFFROAD],,-,https://android-artworks.25pp.com/fs08/2018/10/29/4/109_461a4b4d46e005c0ba0a9e3f19284357_con_130x130.png,游戏,6233408,-,无
100,-75,64 games - Super Adam Adventure,,-,https://android-artworks.25pp.com/fs08/2018/11/30/11/109_fb4b085b867d9dee2a10b035bea41e6c_con_130x130.png,游戏,6618141,-,无
101,新进榜,Ninja War: Road to Legend,,-,https://gcontent-cdn.aso100.com/pic/view_gcontent/type/icon/source/aHR0cHM6Ly9saDMuZ29vZ2xldXNlcmNvbnRlbnQuY29tL1lEOEM1cEV5eDBFcTdZUFZrZk1vcVJkU1NkMFRZeENIQ1lXbnYybTh5MTZVYml5Xzh4Rnlpcy16b0dVSXVlTXJDRDg9czE4MA==,游戏,6833097,-,无
102,68,94%,烈炎工作室,-,https://static-cdn.aso100.com/pic/view/type/android/source/aHR0cDovL3BwLm15YXBwLmNvbS9tYV9pY29uLzAvaWNvbl8xMTgzMzU0OF8xNTEyNTU3NDY0LzI1Ng==,游戏,325003,-,无
103,新进榜,Idle Skilling - Incremental RPG Adventure,,-,https://android-artworks.25pp.com/fs08/2018/12/04/6/109_783bf8b37bc5f7bcd489000413c48993_con_130x130.png,游戏,6677921,-,无
104,13,拉斯维加斯赌城 - 经典老虎机完美重现,Triwin Casino,-,https://gcontent-cdn.aso100.com/pic/view_gcontent/type/icon/source/aHR0cHM6Ly9saDMuZ29vZ2xldXNlcmNvbnRlbnQuY29tL2hwSUcwbGgxd1VTMU84c1ExQ0lEMmFsdDQ2TXF6VlBEUWtnRFZQWExxLWJHMGozLUZVaU9iSE0xaWYxRHBtTWk2d2VmPXczMDA=,游戏,5712236,-,无
105,新进榜,水滑梯,Tap - Free Games,-,https://static-cdn.aso100.com/pic/view/type/android/source/aHR0cDovL3BwLm15YXBwLmNvbS9tYV9pY29uLzAvaWNvbl81MjU5MTUyMl8xNTEyNjQyMTk2LzI1Ng==,游戏,4574456,-,无
106,-73,蠢蠢的死法:Dumb Ways to Die Original,Metro Trains,-,https://static-cdn.aso100.com/pic/view/type/android/source/aHR0cDovL3BwLm15YXBwLmNvbS9tYV9pY29uLzAvaWNvbl80MjM4MzgyMF8xNTEyNTc0MDQ3LzI1Ng==,游戏,2090855,-,无
107,新进榜,埃及起源：神秘金字塔,,-,https://gcontent-cdn.aso100.com/pic/view_gcontent/type/icon/source/aHR0cHM6Ly9saDMuZ29vZ2xldXNlcmNvbnRlbnQuY29tLzVZaFlBOEs3Z0l6WS0wMlBTNXJsb21ON2E2WjB2N0FmWDBTOWRpc2JmTnRVSUFFN3hocmZxS0RCVkwzZEloLXhZUT1zMTgw,游戏,6823957,-,无
108,新进榜,Zootype Cooking Master,,-,https://gcontent-cdn.aso100.com/pic/view_gcontent/type/icon/source/aHR0cHM6Ly9saDMuZ29vZ2xldXNlcmNvbnRlbnQuY29tL1FHN1pybFlyNDlEcmpUTld6MUJlNzNGSklRRzNrdlB0VzRSUVVoVXJCY0k3b094TVJrUV9DdFlUNFRuUDYtT1ZuVlJOPXMxODA=,游戏,6830283,-,无
109,-39,Saiyan Tournament,,-,https://android-artworks.25pp.com/fs08/2018/12/03/1/109_a0ded3423cabceacadbab50afca28eb5_con_130x130.png,游戏,6775785,-,无
110,82,Brainzzz,,-,https://android-artworks.25pp.com/fs08/2018/12/06/11/109_fc58e0d257af8460d20aaa3699f20c31_con_130x130.png,游戏,6010081,-,无
111,新进榜,Wizard of Bingo,Black Circle Apps,-,https://static-cdn.aso100.com/pic/view/type/android/source/aHR0cDovL3BwLm15YXBwLmNvbS9tYV9pY29uLzAvaWNvbl81MjU4MzI3Ml8xNTEyNTY3Njg4LzI1Ng==,游戏,2188143,-,无
112,-49,Spades: Classic Card Game,,-,https://android-artworks.25pp.com/fs08/2018/08/03/11/109_debce1cc110217b577220f6655e5de85_con_130x130.png,游戏,2505497,-,无
113,-69,火柴人之守卫城堡,来自互联网,-,https://static-cdn.aso100.com/pic/view/type/android/source/aHR0cDovL3AzLnFoaW1nLmNvbS90MDE4MzE1OWIyMzAyN2RmMTk0LndlYnA=,游戏,4897055,-,无
114,新进榜,点线交织,,-,https://android-artworks.25pp.com/fs08/2018/10/20/3/109_7363db0fcd5bce226c95d7c6bcb8d7ef_con_130x130.png,游戏,4801403,-,无
115,新进榜,Evolution,Keiwan Donyagard,-,https://static-cdn.aso100.com/pic/view/type/android/source/aHR0cDovL3BwLm15YXBwLmNvbS9tYV9pY29uLzAvaWNvbl81MjU0NTU0M18xNTEyNjQzMzcyLzI1Ng==,游戏,3598176,-,无
116,新进榜,Hollywood Story,Nanobit Games,-,https://static-cdn.aso100.com/pic/view/type/android/source/aHR0cDovL3AzLnFoaW1nLmNvbS90MDEyYTNhNjQyODE4NTgwNTBlLndlYnA=,游戏,1011790,-,无
117,新进榜,Infinite Block Puzzle,"Random Logic Games, LLC",-,https://static-cdn.aso100.com/pic/view/type/android/source/aHR0cDovL3BwLm15YXBwLmNvbS9tYV9pY29uLzAvaWNvbl81MjU5NTI0NF8xNTEyNjUwMzY3LzI1Ng==,游戏,5313800,-,无
118,新进榜,巅峰对决再战,,-,,游戏,6735882,-,无
119,新进榜,Phase 10 Free,Magmic Inc,-,https://static-cdn.aso100.com/pic/view/type/android/source/aHR0cDovL3BwLm15YXBwLmNvbS9tYV9pY29uLzAvaWNvbl8xMjkxODNfMTQ4OTU4NjU0Ny8yNTY=,游戏,704768,-,无
120,147,Raccoon Bubbles - Bubble Shooter,,-,,游戏,6197842,-,无
121,新进榜,冒险主义,海沙工作室,-,https://android-artworks.25pp.com/fs08/2018/08/23/4/109_41c9aa2f82519fd1bf3542f45697ad92_con_130x130.png,游戏,5214226,-,无
122,新进榜,LAST DAY ALIVE,,-,https://android-artworks.25pp.com/fs08/2018/11/14/6/109_11f1d055b316cb6d4d9622a13a8fd161_con_130x130.png,游戏,6458292,-,无
123,183,Idle World,海沙工作室,-,https://android-artworks.25pp.com/fs08/2018/05/21/11/109_2ae0e118bedc05281909f58038f592d7_con_130x130.png,游戏,3367334,-,无
124,新进榜,Mr. Go Home,,-,https://android-artworks.25pp.com/fs08/2018/12/04/11/109_16ee48a98ac20eeffb5f2d44609652c9_con_130x130.png,游戏,6729513,-,无
125,新进榜,Lovestruck Choose Your Romance,"Voltage Entertainment USA, Inc.",-,https://static-cdn.aso100.com/pic/view/type/android/source/aHR0cDovL3BwLm15YXBwLmNvbS9tYV9pY29uLzAvaWNvbl81MjU4NzAzNl8xNTI0NjI4OTI5LzI1Ng==,游戏,3103023,-,无
126,新进榜,Ark of War,Seven Pirates,-,https://static-cdn.aso100.com/pic/view/type/android/source/aHR0cDovL3BwLm15YXBwLmNvbS9tYV9pY29uLzAvaWNvbl81MjU1MzQzM18xNTQyNzAyMjQ1LzI1Ng==,游戏,364600,-,无
127,新进榜,Game of Thrones: Conquest?,Warner Bros. International Enterprises,-,https://static-cdn.aso100.com/pic/view/type/android/source/aHR0cDovL3BwLm15YXBwLmNvbS9tYV9pY29uLzAvaWNvbl81MjU5MzkwNl8xNTEyNjQ3MDI1LzI1Ng==,游戏,4762170,-,无
128,新进榜,Watermelon Shooter 3D,Tap - Free Games,-,https://static-cdn.aso100.com/pic/view/type/android/source/aHR0cDovL3BwLm15YXBwLmNvbS9tYV9pY29uLzAvaWNvbl81MjU5MjM5NV8xNTEyNjQ0MjU4LzI1Ng==,游戏,4689612,-,无
129,新进榜,战争之光,"Shenzhen Leyi Network Co.,Ltd.",-,https://static-cdn.aso100.com/pic/view/type/android/source/aHR0cDovL3BwLm15YXBwLmNvbS9tYV9pY29uLzAvaWNvbl80MjMwNTcxNF8xNTEyNTU5OTA4LzI1Ng==,游戏,2184525,-,无
130,新进榜,Drilla - 最佳挖掘模拟器游戏,BlackBears,-,https://static-cdn.aso100.com/pic/view/type/android/source/aHR0cDovL3BwLm15YXBwLmNvbS9tYV9pY29uLzAvaWNvbl81MjU4NDM1Ml8xNTEyNTc2MzMwLzI1Ng==,游戏,2126516,-,无
131,-47,2D Super Sayan,,-,https://android-artworks.25pp.com/fs08/2018/11/30/8/109_0275b8b2fd54f6288a9d3901c8d808c2_con_130x130.png,游戏,6817356,-,无
132,-115,Drive and Park,,-,https://gcontent-cdn.aso100.com/pic/view_gcontent/type/icon/source/aHR0cHM6Ly9saDMuZ29vZ2xldXNlcmNvbnRlbnQuY29tLzc2em81XzlISEFWOXMwNDJIY2pxQmREVWg1Y1gtUzFMdGljMTk4Ym5aem1UMl9LVHVHWnlRMEVVU0ZYbmpuZGZLMDA9czE4MA==,游戏,6821787,-,无
133,新进榜,刀ι裼-重M,BANDAI NAMCO Entertainment Inc.,-,https://static-cdn.aso100.com/pic/view/type/android/source/aHR0cDovL3BwLm15YXBwLmNvbS9tYV9pY29uLzAvaWNvbl81MjU4NjA3N18xNTEyNjE2MDA1LzI1Ng==,游戏,2898311,-,无
134,305,Paper Plane Planet,,-,https://android-artworks.25pp.com/fs08/2018/07/10/7/109_31f51a26ed25322fcee736a40159a2ff_con_130x130.png,游戏,6347167,-,无
135,新进榜,Dark Tower,PrimeBit Games S.A.,-,https://gcontent-cdn.aso100.com/pic/view_gcontent/type/icon/source/aHR0cHM6Ly9saDMuZ29vZ2xldXNlcmNvbnRlbnQuY29tL1pVV2x3XzQ2Nm5oS0NpR1dySXhoNVN0NlFfNHFtX2xZcF9UeS1TbmR2T1RlU3dIWWNpOXJKWnZUcXFHMVVUVG52enM9dzMwMA==,游戏,3266689,-,无
136,-121,闲置的矿业大亨,来自互联网,-,https://static-cdn.aso100.com/pic/view/type/android/source/aHR0cDovL3AzLnFoaW1nLmNvbS90MDE3NjdkMjEyOGVmYTg2OTdlLndlYnA=,游戏,1614667,-,无
137,新进榜,The Snake,,-,https://android-artworks.25pp.com/fs08/2018/11/29/2/109_43dd843aa09374c11ce59097f4318e37_con_130x130.png,游戏,6811854,-,无
138,-73,Cooking Joy 2,,-,https://android-artworks.25pp.com/fs08/2018/11/30/3/109_0449b922fa550936ebd5be1494e10568_con_130x130.png,游戏,6799069,-,无
139,-81,Euro Flight Simulator 2018,海沙工作室,-,https://static-cdn.aso100.com/pic/view/type/android/source/aHR0cDovL2FuZHJvaWQtYXJ0d29ya3MuMjVwcC5jb20vZnMwOC8yMDE4LzAzLzEzLzExLzEwOV83OTkxNmI2MGE2YzI5MTNiYWE4MGUxYWEwMTdmMTcwOV9jb25fMTMweDEzMC5wbmc=,游戏,5882453,-,无
140,新进榜,Raft Survival Simulator,海沙工作室,-,https://android-artworks.25pp.com/fs08/2018/11/30/5/109_637ddf50cf4033a701f4b91a133191d3_con_130x130.png,游戏,3151450,-,无
141,-122,Archery Champ - Bow &#38; Arrow King,,-,https://android-artworks.25pp.com/fs08/2018/12/06/11/109_75e62ee4b02254a997dc0c83cd5d8d5a_con_130x130.png,游戏,6689031,-,无
142,116,Paint by Number - Colorful Book,,-,,游戏,6793858,-,无
143,新进榜,My Museum Story: Mystery Match,ZiMAD,-,https://static-cdn.aso100.com/pic/view/type/android/source/aHR0cDovL3BwLm15YXBwLmNvbS9tYV9pY29uLzAvaWNvbl81MjU5NTMzOF8xNTEyNjUwNTI4LzI1Ng==,游戏,5352547,-,无
144,203,TerraGenesis,,-,https://static-cdn.aso100.com/pic/view/type/android/source/aHR0cDovL2FuZHJvaWQtYXJ0d29ya3MuMjVwcC5jb20vZnMwOC8yMDE4LzA1LzI4LzEwLzEwOV82MGY5NjQ1ZTRlZDU2ZGI1YWE1NjFmMzU0ZjJlMWYwYl9jb25fMTMweDEzMC5wbmc=,游戏,5997237,-,无
145,新进榜,Real Drums Free 2 : Drum set,Gismart,-,https://static-cdn.aso100.com/pic/view/type/android/source/aHR0cDovL3BwLm15YXBwLmNvbS9tYV9pY29uLzAvaWNvbl8xMjA0NDA0Nl8xNTE0NTI4Njc3LzI1Ng==,游戏,211414,-,无
146,新进榜,Pet World C My Animal Hospital C Care for animals,,-,https://android-artworks.25pp.com/fs08/2018/11/28/10/109_5a8ceb74c47c604a93d76645a0b78159_con_130x130.png,游戏,6809947,-,无
147,-16,Word Cooking,,-,https://gcontent-cdn.aso100.com/pic/view_gcontent/type/icon/source/aHR0cHM6Ly9saDMuZ29vZ2xldXNlcmNvbnRlbnQuY29tL1ltcmw1UDM2ZklfVy14ZXBXd09QRG9VVnI0QWZyYUhMX2l0VXdwQnBSSFNSS3hHZTF5Ul9zUHVhV1hQQ1VhdENSUT1zMTgw,游戏,6302333,-,无
148,新进榜,宝宝爱水果蔬菜,福州智永信息科技有限公司,-,https://static-cdn.aso100.com/pic/view/type/android/source/aHR0cDovL3BwLm15YXBwLmNvbS9tYV9pY29uLzAvaWNvbl81Mjc2NzY1Nl8xNTQ0MTUwMzYyLzI1Ng==,游戏,6586061,-,无
149,-141,Axe Throw,,-,https://android-artworks.25pp.com/fs08/2018/12/05/8/109_aa6a6b378598ad2493ca4e637c2e7c79_con_130x130.png,游戏,6820644,-,无
150,-89,明星街机迷你高尔夫球3D城,来自互联网,-,https://static-cdn.aso100.com/pic/view/type/android/source/aHR0cDovL3AzLnFoaW1nLmNvbS90MDEyMGUyM2Y3NTk2ZTUwZjE4LndlYnA=,游戏,2192809,-,无
151,新进榜,Narcos: Cartel Wars,FTX Games LTD,-,https://static-cdn.aso100.com/pic/view/type/android/source/aHR0cDovL3BwLm15YXBwLmNvbS9tYV9pY29uLzAvaWNvbl81MjU4MjkyMV8xNTEyNTY2MzQzLzI1Ng==,游戏,1922322,-,无
152,新进榜,Dice With Buddies,With Buddies,-,https://static-cdn.aso100.com/pic/view/type/android/source/aHR0cDovL3BwLm15YXBwLmNvbS9tYV9pY29uLzAvaWNvbl8xMDI1ODRfMTQ5MDAxODM3NS8yNTY=,游戏,205699,-,无
153,新进榜,The Big Capitalist,Broken Reality,-,https://static-cdn.aso100.com/pic/view/type/android/source/aHR0cDovL3BwLm15YXBwLmNvbS9tYV9pY29uLzAvaWNvbl81MjU5MjExN18xNTI3OTU1NDA0LzI1Ng==,游戏,4615388,-,无
154,新进榜,Sword Man - Monster Hunter（Unreleased）,GMS Adventure,-,https://android-artworks.25pp.com/fs08/2018/08/21/6/109_1ebd44bf6fbb6bc7b36836a417323dd2_con_130x130.png,游戏,5731957,-,无
155,291,Laser Break 2018,,-,https://android-artworks.25pp.com/fs08/2018/12/04/2/109_50859265a6d46d7dd080c70910a78b7c_con_130x130.png,游戏,6807809,-,无
156,新进榜,Star Dream,,-,https://gcontent-cdn.aso100.com/pic/view_gcontent/type/icon/source/aHR0cHM6Ly9saDMuZ29vZ2xldXNlcmNvbnRlbnQuY29tL0RSekhNTEc4OEtYV2VuYnY4M3htT1RxVjNjVnR3YngzRnp1TnJOc2k0aVZFb0VMMm5Sb01KemN4VVpsdlNhWXVENzA9czE4MA==,游戏,6827731,-,无
157,新进榜,Wicked Wolves,,-,https://android-artworks.25pp.com/fs08/2018/11/08/6/109_e5e4b060bd4899290d46b330c6d45bb9_con_130x130.png,游戏,6734856,-,无
158,新进榜,Huuuge Diamonds Slot Machine,,-,https://gcontent-cdn.aso100.com/pic/view_gcontent/type/icon/source/aHR0cHM6Ly9saDMuZ29vZ2xldXNlcmNvbnRlbnQuY29tL09GdWdYbHBpOU1iTUtvenBKQ3RrZHRrVmJrWEFSNzJSOG5xNmdYcjktS0Y0RmdJcExGTFBKNEZqQzBFbnZCWFBPYUw2PXMxODA=,游戏,6779728,-,无
159,新进榜,Ice Crush,安云龙,-,https://static-cdn.aso100.com/pic/view/type/android/source/aHR0cDovL3BwLm15YXBwLmNvbS9tYV9pY29uLzAvaWNvbl8xMTA4NzU2Nl8xNDg3ODg0NzM3LzI1Ng==,游戏,707395,-,无
160,-34,Elf Bowling,,-,https://gcontent-cdn.aso100.com/pic/view_gcontent/type/icon/source/aHR0cHM6Ly9saDMuZ29vZ2xldXNlcmNvbnRlbnQuY29tL0dUTkxtZmFXOWZNNFk1cXlBNWxkRjBEbDNBdU5fNHZEY1VXazIyY2FjUEVtS3hudTVlMnlwOG94c3BPQXR5N3gyQTFUPXMxODA=,游戏,6823888,-,无
161,新进榜,2048,,-,,游戏,6737306,-,无
162,-141,和奇普乔安娜一起翻建,,-,https://android-artworks.25pp.com/fs08/2018/07/21/3/109_670fef9360c8a73ab192e5cc4edbefdf_con_130x130.png,游戏,6362812,-,无
163,58,Merge Solitaire,,-,https://android-artworks.25pp.com/fs08/2018/12/04/5/109_74572e525503cb84a9b0fae0ae24bcf8_con_130x130.png,游戏,6548902,-,无
164,新进榜,Just 24,,-,,游戏,6788639,-,无
165,新进榜,Skip-Bo? Free,,-,https://android-artworks.25pp.com/fs08/2018/02/06/2/109_70551421fcc12cebb7f342e902b4944e_con_130x130.png,游戏,2190196,-,无
166,-79,Wisdom Word - Quote Word Finder,,-,,游戏,6758413,-,无
167,161,Cannon Man,,-,https://android-artworks.25pp.com/fs08/2018/11/24/11/109_ae8cf1852feaadb8a687d143d84986c4_con_130x130.png,游戏,6527773,-,无
168,-106,Bubbles Reward - Win the prizes!,,-,https://static-cdn.aso100.com/pic/view/type/android/source/aHR0cDovL2FuZHJvaWQtYXJ0d29ya3MuMjVwcC5jb20vZnMwOC8yMDE4LzA1LzEwLzIvMTA5X2M4ZmVkNzFmNzY5MDdjOTdmNWIzMzgzNjEyYjVjZGYyX2Nvbl8xMzB4MTMwLnBuZw==,游戏,6064312,-,无
169,新进榜,Food POP : New puzzle gravity world (Food burst 2),,-,https://android-artworks.25pp.com/fs08/2018/12/05/1/109_8693aba546bb53654d0e6a1caa669c18_con_130x130.png,游戏,6666470,-,无
170,153,Candies &#39;n Curses,,-,https://android-artworks.25pp.com/fs08/2018/11/21/7/109_9b73d2905d53be1c5650cde5cc7f50c6_con_130x130.png,游戏,6711324,-,无
171,新进榜,Venom Anaconda Simulator 3D,PlayMechanics,-,https://gcontent-cdn.aso100.com/pic/view_gcontent/type/icon/source/aHR0cHM6Ly9saDMuZ29vZ2xldXNlcmNvbnRlbnQuY29tL0dLcG03bkdyYThaMHR4UTdyUlNQdTNHWTlYYjIxa01OZmFCeFEtTlJDam01TVM1WnlZaTI0ODdTNlUyUUNJOXNhUT1zMTgw,游戏,2187763,-,无
172,新进榜,Bit City,NimbleBit LLC,-,https://static-cdn.aso100.com/pic/view/type/android/source/aHR0cDovL3BwLm15YXBwLmNvbS9tYV9pY29uLzAvaWNvbl81MjQ3Mzc2OV8xNDk1ODY4MTA0LzI1Ng==,游戏,2873448,-,无
173,新进榜,流体模拟器,,-,https://android-artworks.25pp.com/fs08/2018/12/04/9/109_8ee8820c6652e69dc663cbc59f237f43_con_130x130.png,游戏,6721651,-,无
174,新进榜,Real Road Racing-Highway Speed Car Chasing Game,,-,https://android-artworks.25pp.com/fs08/2018/12/06/8/109_7f661a8e0cddd097747f40ba984aed5c_con_130x130.png,游戏,6777873,-,无
175,新进榜,地心小镇：Deep Town,Rockbite Games,-,https://static-cdn.aso100.com/pic/view/type/android/source/aHR0cDovL3BwLm15YXBwLmNvbS9tYV9pY29uLzAvaWNvbl81MjU0NzIzMl8xNTE2OTI0Nzg3LzI1Ng==,游戏,3184702,-,无
176,-58,麻将接龙,3DGames,-,https://static-cdn.aso100.com/pic/view/type/android/source/aHR0cDovL3BwLm15YXBwLmNvbS9tYV9pY29uLzAvaWNvbl81MjU4NjA0NV8xNTEyNjE1NjI3LzI1Ng==,游戏,2651941,-,无
177,新进榜,Break the Block: Slide Puzzle,,-,,游戏,6539116,-,无
178,92,Ice cream challenge - Free match 3 game,,-,https://android-artworks.25pp.com/fs08/2018/11/30/10/109_0c8c213601a53422b240f71b19f74366_con_130x130.png,游戏,6713935,-,无
179,新进榜,部落,Game Insight,-,https://static-cdn.aso100.com/pic/view/type/android/source/aHR0cDovL3BwLm15YXBwLmNvbS9tYV9pY29uLzAvaWNvbl8yODI4MThfMTUxOTY0NjQzOS8yNTY=,游戏,65523,-,无
180,新进榜,Solitaire Kingdom,,-,https://gcontent-cdn.aso100.com/pic/view_gcontent/type/icon/source/aHR0cHM6Ly9saDMuZ29vZ2xldXNlcmNvbnRlbnQuY29tLzBGelRsejZJMkVLanFZaUkwUUV0MXZ6VENHZmtadGtvQXVFMWNXTWxtc1NGWlM5bTV3UHNodDFkelU5di1wenhhNk9xPXMxODA=,游戏,6679990,-,无
181,新进榜,Crusher,,-,https://android-artworks.25pp.com/fs08/2018/11/06/9/109_331869c20034c82b1c3822e7ef7feec5_con_130x130.png,游戏,6556463,-,无
182,新进榜,Hexa Puzzle,,-,,游戏,6440257,-,无
183,新进榜,麻将之旅,来自互联网,-,https://static-cdn.aso100.com/pic/view/type/android/source/aHR0cDovL3AzLnFoaW1nLmNvbS90MDFiMjQ4ZmIzNDQzOWQxYjljLndlYnA=,游戏,1038842,-,无
184,新进榜,Solitaire - Make Money Free,,-,https://static-cdn.aso100.com/pic/view/type/android/source/aHR0cDovL2FuZHJvaWQtYXJ0d29ya3MuMjVwcC5jb20vZnMwOC8yMDE4LzA1LzA0LzUvMTA5X2QwNTMzMDJhMTE0MWUxNmM3YjcwOTNlZThiNjFkMGQxX2Nvbl8xMzB4MTMwLnBuZw==,游戏,3158973,-,无
185,-171,护婴达人――儿童游戏,来自互联网,-,https://static-cdn.aso100.com/pic/view/type/android/source/aHR0cDovL3AzLnFoaW1nLmNvbS90MDFhMWZiNDJhY2Y5MDRhOWE3LndlYnA=,游戏,1841477,-,无
186,-157,"Bible Coloring - Color By Number, Free Bible Game",,-,https://android-artworks.25pp.com/fs08/2018/12/06/3/109_93b344f4c2c3f83953e83870f4c5562f_con_130x130.png,游戏,6801529,-,无
187,-111,Troll Face Quest: Stupidella and Failman,,-,https://android-artworks.25pp.com/fs08/2018/11/23/4/109_026de16dd60d731cb964af3983ed56a1_con_130x130.png,游戏,6796038,-,无
188,新进榜,Bible Word Puzzle,,-,https://static-cdn.aso100.com/pic/view/type/android/source/aHR0cDovL2FuZHJvaWQtYXJ0d29ya3MuMjVwcC5jb20vZnMwOC8yMDE4LzA1LzE2LzIvMTA5XzZlNzJiOTRmZmIxOTI4N2YxMWI1YzU3N2ZiYmMzZjI5X2Nvbl8xMzB4MTMwLnBuZw==,游戏,5838395,-,无
189,新进榜,The Biggest Crowd City : The real crowd experience,,-,https://gcontent-cdn.aso100.com/pic/view_gcontent/type/icon/source/aHR0cHM6Ly9saDMuZ29vZ2xldXNlcmNvbnRlbnQuY29tLzZoenEyYXV3MzJGdXFZX3dOSmN3S1ZIeGhXV2tsWjFUTWVySndrekFuS1o2NmlFVTEyQkpRaWhkZW1vRzFiTW1sTWM9czE4MA==,游戏,6836334,-,无
190,新进榜,Yazy Classic : The best Dice Board Games,,-,https://android-artworks.25pp.com/fs08/2018/11/17/3/109_15274480ade022cc07a8ad1e189f9ad1_con_130x130.png,游戏,6712934,-,无
191,新进榜,Best Game 523 Rescue Pomegranate Fruit Queen,,-,https://android-artworks.25pp.com/fs08/2018/12/06/4/109_18a008c6b8a28773a08aefef3fe8ed7c_con_130x130.png,游戏,6832683,-,无
192,70,Slope,,-,https://gcontent-cdn.aso100.com/pic/view_gcontent/type/icon/source/aHR0cHM6Ly9saDMuZ29vZ2xldXNlcmNvbnRlbnQuY29tL3VKbjJpOWg3S3hZUWFyQ19jM0s0cUg2bzdnTHRmbEZuaERfZE4xNE1Oa3pISjFOZU5GekNMNjlqcEI1bVQwdkNvUXM9czE4MA==,游戏,6035043,-,无
193,新进榜,Blackjack 21: Blackjackist,KamaGames,-,https://static-cdn.aso100.com/pic/view/type/android/source/aHR0cDovL3BwLm15YXBwLmNvbS9tYV9pY29uLzAvaWNvbl81MjU4NjY4OF8xNTEyNjE5Mzk3LzI1Ng==,游戏,2190574,-,无
194,新进榜,溪谷农场,来自互联网,-,https://static-cdn.aso100.com/pic/view/type/android/source/aHR0cDovL3AzLnFoaW1nLmNvbS90MDE3MDg5ZjQ0ZDRmM2M3NzdjLndlYnA=,游戏,593490,-,无
195,新进榜,Kavi Escape Game 494 Faerie Girl Escape Game,,-,https://android-artworks.25pp.com/fs08/2018/12/05/1/109_444e57869d4f6d1c11e5e7e9b921deea_con_130x130.png,游戏,6831344,-,无
196,新进榜,Sudoku - Free &#38; Offline Classic Puzzles,,-,https://android-artworks.25pp.com/fs08/2018/11/29/1/109_a53f3316840b1306f8261bc36c2ed9bf_con_130x130.png,游戏,6766816,-,无
197,新进榜,SpinToWin Slots - Casino Games & Fun Slot Machines,Chartbuster Games,-,https://gcontent-cdn.aso100.com/pic/view_gcontent/type/icon/source/aHR0cHM6Ly9saDMuZ29vZ2xldXNlcmNvbnRlbnQuY29tL0hEb3hBNG0weW43VG85dHFvNWxybHpsSEg3UDdMbzNtSzA4NUFPTlBYYUVVVG1ROXY4VWdyaFI2TVVmbzV4NkZfUTZ3PXMxODA=,游戏,2188354,-,无
198,-102,Orbia 轻按并放松,来自互联网,-,https://static-cdn.aso100.com/pic/view/type/android/source/aHR0cDovL3AzLnFoaW1nLmNvbS90MDFjZmY4ZjM2NDFhNjUwMDU0LndlYnA=,游戏,5306197,-,无
199,-56,Mahjong,,-,,游戏,6617191,-,无
200,新进榜,帐篷与树谜题,海沙工作室,-,https://static-cdn.aso100.com/pic/view/type/android/source/aHR0cDovL2FuZHJvaWQtYXJ0d29ya3MuMjVwcC5jb20vZnMwOC8yMDE4LzAzLzEzLzYvMTA5X2E4Yjg2MmU4YWMzZDBjYTJhZWJmMjc3OTg4NDhiOGRkX2Nvbl8xMzB4MTMwLnBuZw==,游戏,5548294,-,无